Order_ID,Date,Region,Category,Product,Quantity,Unit_Price,Discount_%,Revenue
1,2024-11-23,North,Electronics,Tablet,8,500,0,4000.0
2,2024-03-12,North,Books,Novel,3,15,10,40.5
3,2024-08-04,North,Electronics,Laptop,7,1200,0,8400.0
4,2024-09-15,Central,Electronics,Smart Watch,7,300,15,1785.0
5,2024-11-28,Central,Home & Garden,Plant Pot,15,20,10,270.0
6,2024-05-22,North,Clothing,Dress,11,80,0,880.0
7,2024-03-20,South,Food & Beverage,Coffee Beans,3,15,5,42.75
8,2024-02-19,East,Food & Beverage,Juice Pack,9,8,20,57.6
9,2024-01-23,West,Sports,Yoga Mat,13,30,0,390.0
10,2024-10-09,East,Books,Novel,12,15,10,162.0
11,2024-04-08,North,Electronics,Smartphone,10,800,0,8000.0
12,2024-04-29,North,Home & Garden,Bed Sheets,15,70,15,892.5
13,2024-07-05,South,Food & Beverage,Energy Bar,7,5,15,29.75
14,2024-05-16,North,Sports,Dumbbells,18,80,15,1224.0
15,2024-05-05,South,Home & Garden,Lamp,9,45,15,344.25
16,2024-12-18,Central,Clothing,Jacket,2,120,0,240.0
17,2024-01-17,East,Home & Garden,Bed Sheets,3,70,0,210.0
18,2024-10-17,East,Clothing,Dress,13,80,15,884.0
19,2024-08-22,South,Food & Beverage,Protein Shake,8,40,15,272.0
20,2024-10-14,Central,Food & Beverage,Juice Pack,14,8,10,100.8
21,2024-07-23,East,Clothing,Jeans,17,60,5,969.0
22,2024-02-16,North,Electronics,Smartphone,6,800,20,3840.0
23,2024-12-14,West,Sports,Yoga Mat,13,30,5,370.5
24,2024-11-01,West,Sports,Running Shoes,18,110,20,1584.0
25,2024-01-06,North,Books,Novel,9,15,20,108.0
26,2024-11-24,East,Electronics,Tablet,14,500,0,7000.0
27,2024-08-20,North,Books,Business Strategy,17,30,20,408.0
28,2024-04-01,Central,Electronics,Tablet,17,500,10,7650.0
29,2024-04-11,South,Food & Beverage,Protein Shake,18,40,20,576.0
30,2024-09-28,North,Sports,Running Shoes,16,110,0,1760.0
31,2024-02-27,East,Food & Beverage,Protein Shake,2,40,0,80.0
32,2024-10-17,North,Electronics,Headphones,3,150,20,360.0
33,2024-09-29,South,Clothing,Dress,18,80,0,1440.0
34,2024-05-15,Central,Sports,Bicycle,7,400,10,2520.0
35,2024-12-19,South,Books,Business Strategy,13,30,15,331.5
36,2024-11-28,East,Home & Garden,Curtains,15,55,0,825.0
37,2024-05-06,South,Electronics,Tablet,1,500,10,450.0
38,2024-10-10,South,Sports,Dumbbells,1,80,0,80.0
39,2024-12-28,North,Clothing,T-Shirt,2,25,20,40.0
40,2024-06-18,North,Sports,Dumbbells,9,80,15,612.0
41,2024-09-05,South,Sports,Dumbbells,19,80,10,1368.0
42,2024-08-30,South,Home & Garden,Lamp,7,45,0,315.0
43,2024-02-19,West,Food & Beverage,Green Tea,14,10,5,133.0
44,2024-01-28,North,Electronics,Headphones,11,150,20,1320.0
45,2024-02-25,South,Clothing,Jeans,18,60,5,1026.0
46,2024-03-12,West,Clothing,Jacket,15,120,0,1800.0
47,2024-02-08,West,Sports,Yoga Mat,2,30,15,51.0
48,2024-10-03,North,Electronics,Smartphone,6,800,5,4560.0
49,2024-09-05,West,Clothing,Dress,2,80,0,160.0
50,2024-07-13,North,Home & Garden,Bed Sheets,15,70,0,1050.0
51,2024-08-04,Central,Books,Self Help,5,20,0,100.0
52,2024-05-31,South,Electronics,Smart Watch,18,300,0,5400.0
53,2024-06-09,North,Electronics,Smart Watch,16,300,10,4320.0
54,2024-09-28,South,Electronics,Smart Watch,3,300,20,720.0
55,2024-04-05,North,Sports,Yoga Mat,8,30,5,228.0
56,2024-03-02,Central,Clothing,Sneakers,20,90,0,1800.0
57,2024-11-13,North,Home & Garden,Curtains,19,55,10,940.5
58,2024-06-10,East,Clothing,Jacket,8,120,0,960.0
59,2024-07-21,South,Books,Business Strategy,15,30,0,450.0
60,2024-02-07,North,Home & Garden,Curtains,19,55,0,1045.0
61,2024-02-07,Central,Clothing,Sneakers,9,90,0,810.0
62,2024-06-27,North,Clothing,Jacket,10,120,0,1200.0
63,2024-08-12,Central,Books,Business Strategy,20,30,20,480.0
64,2024-11-30,Central,Electronics,Smart Watch,10,300,15,2550.0
65,2024-02-23,South,Food & Beverage,Coffee Beans,4,15,15,51.0
66,2024-10-10,South,Food & Beverage,Energy Bar,20,5,0,100.0
67,2024-06-24,South,Books,Business Strategy,17,30,5,484.5
68,2024-05-08,North,Electronics,Headphones,9,150,0,1350.0
69,2024-01-02,East,Clothing,Jacket,6,120,15,612.0
70,2024-08-14,Central,Books,Self Help,18,20,0,360.0
71,2024-02-27,North,Books,Data Science Guide,18,45,0,810.0
72,2024-07-08,Central,Sports,Dumbbells,14,80,0,1120.0
73,2024-01-22,East,Food & Beverage,Coffee Beans,12,15,0,180.0
74,2024-12-15,South,Books,Python Programming,12,35,20,336.0
75,2024-10-13,West,Sports,Dumbbells,8,80,20,512.0
76,2024-03-24,South,Home & Garden,Vacuum Cleaner,6,250,15,1275.0
77,2024-06-19,West,Books,Data Science Guide,9,45,0,405.0
78,2024-12-25,North,Home & Garden,Vacuum Cleaner,16,250,0,4000.0
79,2024-04-12,West,Food & Beverage,Energy Bar,8,5,0,40.0
80,2024-01-13,South,Home & Garden,Bed Sheets,9,70,20,504.0
81,2024-02-05,East,Food & Beverage,Juice Pack,13,8,15,88.4
82,2024-10-01,East,Electronics,Laptop,9,1200,0,10800.0
83,2024-10-24,East,Electronics,Laptop,20,1200,5,22800.0
84,2024-06-25,East,Home & Garden,Curtains,17,55,0,935.0
85,2024-07-16,Central,Clothing,Jacket,2,120,15,204.0
86,2024-08-11,North,Sports,Tennis Racket,7,90,0,630.0
87,2024-08-08,North,Books,Business Strategy,20,30,0,600.0
88,2024-12-05,North,Books,Business Strategy,17,30,0,510.0
89,2024-12-07,West,Food & Beverage,Green Tea,10,10,10,90.0
90,2024-03-06,South,Home & Garden,Lamp,6,45,10,243.0
91,2024-10-18,East,Home & Garden,Curtains,1,55,0,55.0
92,2024-05-26,South,Home & Garden,Curtains,20,55,15,935.0
93,2024-06-13,West,Home & Garden,Lamp,7,45,10,283.5
94,2024-08-30,South,Books,Python Programming,10,35,10,315.0
95,2024-12-05,Central,Food & Beverage,Coffee Beans,8,15,15,102.0
96,2024-06-07,South,Clothing,Jeans,1,60,0,60.0
97,2024-05-05,West,Sports,Yoga Mat,15,30,5,427.5
98,2024-11-18,Central,Clothing,Dress,16,80,5,1216.0
99,2024-05-04,South,Books,Python Programming,4,35,20,112.0
100,2024-08-05,South,Clothing,Sneakers,15,90,0,1350.0
101,2024-10-12,South,Electronics,Headphones,5,150,20,600.0
102,2024-08-25,Central,Sports,Tennis Racket,11,90,20,792.0
103,2024-08-14,Central,Books,Novel,14,15,20,168.0
104,2024-10-07,West,Clothing,Dress,15,80,0,1200.0
105,2024-05-06,East,Sports,Bicycle,8,400,0,3200.0
106,2024-08-13,North,Books,Business Strategy,8,30,0,240.0
107,2024-06-20,East,Sports,Yoga Mat,5,30,0,150.0
108,2024-04-28,West,Books,Data Science Guide,7,45,0,315.0
109,2024-07-31,West,Food & Beverage,Juice Pack,15,8,5,114.0
110,2024-02-01,South,Home & Garden,Lamp,19,45,15,726.75
111,2024-01-11,Central,Home & Garden,Lamp,1,45,0,45.0
112,2024-06-01,West,Home & Garden,Curtains,18,55,20,792.0
113,2024-11-04,South,Home & Garden,Plant Pot,9,20,5,171.0
114,2024-09-05,North,Home & Garden,Bed Sheets,13,70,15,773.5
115,2024-03-25,West,Clothing,Sneakers,18,90,0,1620.0
116,2024-07-20,Central,Sports,Yoga Mat,3,30,15,76.5
117,2024-08-07,South,Home & Garden,Plant Pot,2,20,0,40.0
118,2024-07-13,East,Clothing,Dress,11,80,0,880.0
119,2024-07-13,East,Home & Garden,Bed Sheets,3,70,5,199.5
120,2024-01-10,Central,Electronics,Tablet,8,500,15,3400.0
121,2024-02-05,North,Electronics,Smartphone,7,800,20,4480.0
122,2024-01-11,Central,Clothing,Jeans,5,60,5,285.0
123,2024-12-08,North,Sports,Dumbbells,15,80,15,1020.0
124,2024-05-11,East,Clothing,Sneakers,20,90,15,1530.0
125,2024-02-28,South,Food & Beverage,Coffee Beans,19,15,0,285.0
126,2024-06-08,Central,Books,Self Help,13,20,15,221.0
127,2024-04-11,North,Sports,Dumbbells,4,80,15,272.0
128,2024-06-03,Central,Electronics,Smart Watch,2,300,0,600.0
129,2024-09-29,West,Books,Business Strategy,3,30,10,81.0
130,2024-11-27,East,Electronics,Headphones,16,150,0,2400.0
131,2024-08-09,East,Books,Self Help,5,20,5,95.0
132,2024-03-31,Central,Books,Business Strategy,20,30,20,480.0
133,2024-10-02,West,Home & Garden,Lamp,19,45,0,855.0
134,2024-06-14,South,Electronics,Tablet,15,500,0,7500.0
135,2024-08-25,Central,Sports,Bicycle,11,400,0,4400.0
136,2024-09-10,East,Clothing,Dress,7,80,0,560.0
137,2024-05-12,East,Food & Beverage,Juice Pack,9,8,10,64.8
138,2024-01-06,Central,Clothing,T-Shirt,8,25,15,170.0
139,2024-07-27,West,Sports,Dumbbells,16,80,15,1088.0
140,2024-12-30,West,Home & Garden,Vacuum Cleaner,3,250,0,750.0
141,2024-04-23,West,Books,Data Science Guide,10,45,15,382.5
142,2024-10-24,East,Home & Garden,Curtains,17,55,0,935.0
143,2024-08-05,Central,Food & Beverage,Energy Bar,15,5,0,75.0
144,2024-06-05,East,Clothing,T-Shirt,7,25,0,175.0
145,2024-03-02,Central,Books,Data Science Guide,7,45,0,315.0
146,2024-09-04,East,Books,Novel,17,15,10,229.5
147,2024-05-24,North,Clothing,Jacket,8,120,0,960.0
148,2024-04-01,East,Electronics,Smart Watch,5,300,0,1500.0
149,2024-01-24,North,Sports,Running Shoes,5,110,15,467.5
150,2024-09-08,North,Electronics,Smart Watch,10,300,5,2850.0
151,2024-09-02,West,Food & Beverage,Protein Shake,2,40,0,80.0
152,2024-09-01,North,Electronics,Headphones,16,150,0,2400.0
153,2024-10-22,North,Clothing,Jeans,19,60,0,1140.0
154,2024-02-13,South,Electronics,Smart Watch,14,300,10,3780.0
155,2024-11-01,Central,Clothing,Sneakers,13,90,5,1111.5
156,2024-08-14,East,Sports,Bicycle,10,400,10,3600.0
157,2024-11-13,North,Sports,Yoga Mat,7,30,15,178.5
158,2024-04-18,East,Books,Python Programming,6,35,0,210.0
159,2024-03-29,Central,Electronics,Smartphone,1,800,5,760.0
160,2024-08-18,Central,Home & Garden,Bed Sheets,2,70,0,140.0
161,2024-05-27,East,Books,Self Help,3,20,15,51.0
162,2024-04-29,East,Books,Novel,7,15,5,99.75
163,2024-02-28,Central,Clothing,Jeans,9,60,20,432.0
164,2024-03-13,North,Electronics,Smartphone,10,800,10,7200.0
165,2024-10-18,East,Home & Garden,Vacuum Cleaner,15,250,15,3187.5
166,2024-06-04,West,Food & Beverage,Juice Pack,18,8,5,136.8
167,2024-08-12,North,Sports,Yoga Mat,14,30,15,357.0
168,2024-06-14,Central,Food & Beverage,Coffee Beans,3,15,0,45.0
169,2024-12-11,Central,Sports,Yoga Mat,9,30,10,243.0
170,2024-01-21,South,Home & Garden,Curtains,15,55,0,825.0
171,2024-04-02,Central,Home & Garden,Lamp,3,45,5,128.25
172,2024-06-27,West,Food & Beverage,Energy Bar,4,5,20,16.0
173,2024-03-23,East,Home & Garden,Lamp,10,45,15,382.5
174,2024-07-24,Central,Electronics,Headphones,3,150,0,450.0
175,2024-05-09,East,Electronics,Headphones,17,150,20,2040.0
176,2024-01-01,Central,Home & Garden,Lamp,2,45,0,90.0
177,2024-09-22,East,Sports,Bicycle,15,400,20,4800.0
178,2024-01-27,South,Food & Beverage,Juice Pack,5,8,0,40.0
179,2024-08-12,West,Electronics,Laptop,20,1200,20,19200.0
180,2024-05-02,South,Food & Beverage,Juice Pack,1,8,10,7.2
181,2024-07-27,North,Clothing,T-Shirt,15,25,0,375.0
182,2024-11-27,South,Home & Garden,Bed Sheets,17,70,15,1011.5
183,2024-05-19,West,Home & Garden,Lamp,8,45,5,342.0
184,2024-10-09,South,Home & Garden,Plant Pot,20,20,10,360.0
185,2024-03-10,North,Food & Beverage,Green Tea,11,10,20,88.0
186,2024-09-16,East,Electronics,Tablet,10,500,20,4000.0
187,2024-10-27,Central,Books,Self Help,5,20,5,95.0
188,2024-10-02,West,Food & Beverage,Energy Bar,18,5,20,72.0
189,2024-10-05,West,Home & Garden,Bed Sheets,7,70,15,416.5
190,2024-05-02,Central,Home & Garden,Plant Pot,14,20,0,280.0
191,2024-06-11,West,Books,Self Help,13,20,15,221.0
192,2024-11-29,South,Home & Garden,Vacuum Cleaner,5,250,10,1125.0
193,2024-10-29,East,Electronics,Headphones,4,150,10,540.0
194,2024-08-21,North,Books,Data Science Guide,14,45,20,504.0
195,2024-12-01,South,Electronics,Headphones,9,150,0,1350.0
196,2024-11-15,West,Books,Python Programming,11,35,20,308.0
197,2024-12-11,Central,Home & Garden,Bed Sheets,16,70,20,896.0
198,2024-10-04,North,Sports,Yoga Mat,8,30,15,204.0
199,2024-12-16,East,Clothing,T-Shirt,14,25,0,350.0
200,2024-11-20,North,Home & Garden,Plant Pot,10,20,0,200.0
201,2024-01-24,East,Electronics,Tablet,12,500,0,6000.0
202,2024-08-08,South,Clothing,Sneakers,14,90,10,1134.0
203,2024-12-15,South,Clothing,Jeans,3,60,10,162.0
204,2024-07-14,Central,Books,Data Science Guide,16,45,10,648.0
205,2024-03-14,South,Home & Garden,Bed Sheets,15,70,0,1050.0
206,2024-12-07,North,Home & Garden,Bed Sheets,18,70,0,1260.0
207,2024-02-07,West,Food & Beverage,Juice Pack,10,8,15,68.0
208,2024-08-05,East,Home & Garden,Bed Sheets,7,70,5,465.5
209,2024-09-04,North,Clothing,Dress,19,80,0,1520.0
210,2024-10-21,East,Books,Business Strategy,1,30,20,24.0
211,2024-12-03,West,Food & Beverage,Coffee Beans,19,15,20,228.0
212,2024-12-17,North,Sports,Bicycle,10,400,20,3200.0
213,2024-04-27,Central,Food & Beverage,Protein Shake,7,40,10,252.0
214,2024-05-08,South,Books,Python Programming,2,35,0,70.0
215,2024-08-13,North,Sports,Running Shoes,5,110,0,550.0
216,2024-05-31,East,Books,Self Help,6,20,0,120.0
217,2024-03-08,Central,Food & Beverage,Juice Pack,17,8,0,136.0
218,2024-03-25,East,Home & Garden,Bed Sheets,11,70,20,616.0
219,2024-02-28,West,Electronics,Smartphone,8,800,20,5120.0
220,2024-12-12,West,Sports,Running Shoes,3,110,20,264.0
221,2024-07-21,North,Food & Beverage,Juice Pack,4,8,5,30.4
222,2024-07-07,East,Sports,Bicycle,12,400,0,4800.0
223,2024-12-11,South,Home & Garden,Vacuum Cleaner,20,250,10,4500.0
224,2024-06-16,Central,Clothing,T-Shirt,15,25,15,318.75
225,2024-06-03,West,Electronics,Smartphone,2,800,0,1600.0
226,2024-06-04,West,Electronics,Laptop,8,1200,10,8640.0
227,2024-03-10,West,Home & Garden,Bed Sheets,18,70,5,1197.0
228,2024-10-27,South,Home & Garden,Vacuum Cleaner,16,250,10,3600.0
229,2024-07-27,East,Electronics,Tablet,7,500,5,3325.0
230,2024-08-15,South,Food & Beverage,Coffee Beans,12,15,10,162.0
231,2024-11-26,East,Electronics,Headphones,9,150,0,1350.0
232,2024-03-03,West,Electronics,Smartphone,20,800,0,16000.0
233,2024-01-26,East,Clothing,Jeans,19,60,0,1140.0
234,2024-02-05,Central,Clothing,Sneakers,7,90,20,504.0
235,2024-04-29,East,Clothing,Sneakers,1,90,0,90.0
236,2024-03-15,South,Sports,Running Shoes,6,110,0,660.0
237,2024-12-04,North,Clothing,T-Shirt,12,25,20,240.0
238,2024-05-01,Central,Food & Beverage,Coffee Beans,6,15,0,90.0
239,2024-01-27,South,Books,Self Help,17,20,0,340.0
240,2024-02-02,West,Home & Garden,Bed Sheets,17,70,10,1071.0
241,2024-02-25,West,Sports,Dumbbells,20,80,0,1600.0
242,2024-12-03,Central,Food & Beverage,Green Tea,1,10,0,10.0
243,2024-09-02,West,Home & Garden,Vacuum Cleaner,16,250,15,3400.0
244,2024-08-15,North,Electronics,Tablet,20,500,0,10000.0
245,2024-02-03,South,Food & Beverage,Juice Pack,19,8,10,136.8
246,2024-12-30,East,Home & Garden,Curtains,17,55,0,935.0
247,2024-08-20,Central,Sports,Bicycle,4,400,20,1280.0
248,2024-12-25,North,Books,Novel,7,15,5,99.75
249,2024-08-19,South,Home & Garden,Bed Sheets,15,70,5,997.5
250,2024-07-31,North,Food & Beverage,Green Tea,11,10,15,93.5
251,2024-05-10,East,Clothing,Dress,3,80,0,240.0
252,2024-02-13,North,Home & Garden,Vacuum Cleaner,12,250,20,2400.0
253,2024-03-07,Central,Electronics,Smart Watch,18,300,10,4860.0
254,2024-06-17,North,Home & Garden,Bed Sheets,14,70,20,784.0
255,2024-01-27,East,Sports,Running Shoes,12,110,0,1320.0
256,2024-10-22,Central,Clothing,Jeans,16,60,0,960.0
257,2024-02-25,East,Sports,Running Shoes,4,110,20,352.0
258,2024-05-22,Central,Clothing,Dress,18,80,20,1152.0
259,2024-11-14,Central,Books,Novel,1,15,10,13.5
260,2024-12-02,East,Electronics,Smartphone,9,800,15,6120.0
261,2024-06-07,East,Food & Beverage,Coffee Beans,6,15,20,72.0
262,2024-03-14,Central,Books,Self Help,3,20,0,60.0
263,2024-11-20,North,Electronics,Smart Watch,7,300,5,1995.0
264,2024-08-02,West,Food & Beverage,Protein Shake,12,40,0,480.0
265,2024-06-15,Central,Sports,Yoga Mat,2,30,0,60.0
266,2024-03-21,Central,Electronics,Laptop,9,1200,5,10260.0
267,2024-12-04,West,Home & Garden,Curtains,15,55,5,783.75
268,2024-05-19,South,Sports,Yoga Mat,12,30,5,342.0
269,2024-02-26,East,Books,Novel,16,15,10,216.0
270,2024-12-07,East,Electronics,Smartphone,13,800,10,9360.0
271,2024-01-29,North,Clothing,Jacket,7,120,20,672.0
272,2024-03-11,East,Food & Beverage,Energy Bar,4,5,0,20.0
273,2024-09-11,West,Clothing,Jeans,13,60,10,702.0
274,2024-12-26,South,Sports,Tennis Racket,12,90,0,1080.0
275,2024-07-22,North,Home & Garden,Vacuum Cleaner,15,250,0,3750.0
276,2024-06-09,Central,Home & Garden,Curtains,13,55,15,607.75
277,2024-11-23,West,Food & Beverage,Coffee Beans,13,15,0,195.0
278,2024-06-15,South,Sports,Bicycle,12,400,0,4800.0
279,2024-08-11,North,Clothing,Dress,19,80,5,1444.0
280,2024-09-25,North,Home & Garden,Bed Sheets,11,70,0,770.0
281,2024-06-19,South,Electronics,Smart Watch,4,300,10,1080.0
282,2024-09-18,South,Food & Beverage,Energy Bar,5,5,0,25.0
283,2024-02-22,South,Food & Beverage,Protein Shake,6,40,10,216.0
284,2024-03-19,North,Clothing,Dress,15,80,20,960.0
285,2024-10-15,Central,Home & Garden,Curtains,20,55,0,1100.0
286,2024-11-17,East,Clothing,Dress,3,80,5,228.0
287,2024-08-14,East,Food & Beverage,Juice Pack,2,8,0,16.0
288,2024-09-16,North,Food & Beverage,Green Tea,15,10,0,150.0
289,2024-01-30,East,Food & Beverage,Coffee Beans,3,15,10,40.5
290,2024-10-31,Central,Home & Garden,Lamp,19,45,10,769.5
291,2024-01-22,West,Sports,Dumbbells,11,80,10,792.0
292,2024-08-31,Central,Clothing,T-Shirt,15,25,0,375.0
293,2024-06-24,North,Sports,Dumbbells,2,80,0,160.0
294,2024-12-28,West,Home & Garden,Curtains,17,55,10,841.5
295,2024-03-22,East,Food & Beverage,Energy Bar,13,5,5,61.75
296,2024-06-22,Central,Electronics,Tablet,3,500,0,1500.0
297,2024-02-18,Central,Books,Self Help,10,20,0,200.0
298,2024-12-02,Central,Clothing,Jacket,3,120,10,324.0
299,2024-12-05,South,Food & Beverage,Energy Bar,13,5,0,65.0
300,2024-10-31,North,Food & Beverage,Juice Pack,13,8,15,88.4
301,2024-06-17,South,Books,Novel,3,15,15,38.25
302,2024-12-09,West,Sports,Running Shoes,1,110,0,110.0
303,2024-06-07,South,Clothing,Jacket,16,120,0,1920.0
304,2024-04-25,South,Clothing,T-Shirt,10,25,20,200.0
305,2024-02-21,Central,Sports,Tennis Racket,2,90,15,153.0
306,2024-06-21,Central,Clothing,Sneakers,13,90,0,1170.0
307,2024-03-24,South,Books,Novel,6,15,15,76.5
308,2024-08-12,North,Home & Garden,Bed Sheets,8,70,5,532.0
309,2024-11-08,East,Books,Self Help,8,20,10,144.0
310,2024-05-02,East,Home & Garden,Plant Pot,12,20,15,204.0
311,2024-10-19,West,Home & Garden,Bed Sheets,13,70,10,819.0
312,2024-09-27,West,Clothing,Jeans,20,60,0,1200.0
313,2024-05-08,North,Books,Self Help,12,20,10,216.0
314,2024-02-22,Central,Electronics,Tablet,3,500,20,1200.0
315,2024-03-23,East,Home & Garden,Curtains,5,55,20,220.0
316,2024-08-11,North,Clothing,Dress,12,80,0,960.0
317,2024-07-31,North,Home & Garden,Curtains,12,55,0,660.0
318,2024-07-16,North,Food & Beverage,Protein Shake,1,40,0,40.0
319,2024-02-20,East,Clothing,Jeans,2,60,0,120.0
320,2024-08-29,South,Books,Self Help,15,20,10,270.0
321,2024-01-03,North,Electronics,Tablet,7,500,20,2800.0
322,2024-03-17,Central,Books,Novel,17,15,5,242.25
323,2024-02-26,East,Clothing,Jacket,4,120,0,480.0
324,2024-05-02,West,Books,Novel,15,15,0,225.0
325,2024-02-26,West,Sports,Tennis Racket,1,90,15,76.5
326,2024-09-20,Central,Clothing,Jeans,10,60,5,570.0
327,2024-01-01,Central,Food & Beverage,Protein Shake,19,40,5,722.0
328,2024-04-05,North,Sports,Running Shoes,3,110,10,297.0
329,2024-10-05,Central,Sports,Tennis Racket,1,90,5,85.5
330,2024-08-28,North,Books,Self Help,12,20,0,240.0
331,2024-01-09,East,Electronics,Tablet,8,500,15,3400.0
332,2024-12-02,North,Sports,Running Shoes,5,110,0,550.0
333,2024-06-29,Central,Food & Beverage,Protein Shake,15,40,15,510.0
334,2024-09-02,South,Clothing,T-Shirt,15,25,0,375.0
335,2024-05-30,South,Electronics,Smartphone,2,800,0,1600.0
336,2024-06-07,Central,Home & Garden,Curtains,16,55,0,880.0
337,2024-01-19,South,Food & Beverage,Energy Bar,2,5,20,8.0
338,2024-12-01,East,Food & Beverage,Coffee Beans,12,15,5,171.0
339,2024-07-23,West,Home & Garden,Bed Sheets,6,70,5,399.0
340,2024-12-20,West,Food & Beverage,Juice Pack,9,8,20,57.6
341,2024-02-12,West,Electronics,Headphones,20,150,20,2400.0
342,2024-04-02,Central,Food & Beverage,Energy Bar,4,5,0,20.0
343,2024-06-16,East,Food & Beverage,Green Tea,20,10,15,170.0
344,2024-08-06,South,Books,Self Help,12,20,5,228.0
345,2024-01-22,East,Sports,Bicycle,9,400,15,3060.0
346,2024-01-30,North,Books,Self Help,12,20,10,216.0
347,2024-12-13,South,Electronics,Smartphone,20,800,15,13600.0
348,2024-08-12,North,Clothing,T-Shirt,8,25,20,160.0
349,2024-11-26,East,Food & Beverage,Green Tea,19,10,0,190.0
350,2024-11-05,South,Books,Self Help,12,20,0,240.0
351,2024-08-15,North,Sports,Dumbbells,17,80,0,1360.0
352,2024-07-22,East,Books,Business Strategy,8,30,0,240.0
353,2024-01-14,South,Home & Garden,Curtains,13,55,10,643.5
354,2024-03-01,East,Food & Beverage,Green Tea,7,10,10,63.0
355,2024-05-26,West,Clothing,T-Shirt,5,25,20,100.0
356,2024-02-07,West,Clothing,Dress,3,80,20,192.0
357,2024-12-15,East,Books,Business Strategy,3,30,10,81.0
358,2024-10-04,East,Food & Beverage,Protein Shake,6,40,20,192.0
359,2024-07-04,Central,Clothing,T-Shirt,7,25,20,140.0
360,2024-03-12,South,Home & Garden,Vacuum Cleaner,12,250,10,2700.0
361,2024-10-20,East,Home & Garden,Curtains,5,55,10,247.5
362,2024-02-14,North,Food & Beverage,Green Tea,16,10,10,144.0
363,2024-07-29,West,Sports,Yoga Mat,5,30,0,150.0
364,2024-11-24,North,Home & Garden,Lamp,17,45,0,765.0
365,2024-03-06,Central,Books,Novel,6,15,20,72.0
366,2024-03-07,West,Sports,Yoga Mat,4,30,10,108.0
367,2024-03-19,East,Clothing,Jeans,11,60,15,561.0
368,2024-04-25,East,Sports,Running Shoes,3,110,0,330.0
369,2024-04-10,Central,Food & Beverage,Protein Shake,10,40,10,360.0
370,2024-09-30,North,Sports,Dumbbells,19,80,10,1368.0
371,2024-03-19,South,Books,Novel,20,15,0,300.0
372,2024-10-15,North,Electronics,Laptop,2,1200,15,2040.0
373,2024-10-22,East,Books,Data Science Guide,19,45,5,812.25
374,2024-11-12,North,Home & Garden,Curtains,10,55,15,467.5
375,2024-06-03,West,Clothing,Dress,10,80,5,760.0
376,2024-02-07,North,Clothing,Dress,14,80,5,1064.0
377,2024-08-25,South,Food & Beverage,Juice Pack,5,8,0,40.0
378,2024-06-12,East,Home & Garden,Plant Pot,12,20,10,216.0
379,2024-10-14,North,Food & Beverage,Protein Shake,15,40,0,600.0
380,2024-05-16,West,Clothing,Jeans,4,60,0,240.0
381,2024-05-28,West,Sports,Bicycle,8,400,20,2560.0
382,2024-03-22,East,Sports,Running Shoes,7,110,20,616.0
383,2024-03-22,West,Sports,Bicycle,16,400,0,6400.0
384,2024-09-11,North,Electronics,Headphones,17,150,5,2422.5
385,2024-05-03,South,Sports,Running Shoes,2,110,0,220.0
386,2024-05-24,West,Sports,Bicycle,10,400,10,3600.0
387,2024-01-05,North,Home & Garden,Plant Pot,9,20,15,153.0
388,2024-07-06,West,Food & Beverage,Coffee Beans,13,15,0,195.0
389,2024-10-18,Central,Clothing,Jacket,18,120,0,2160.0
390,2024-02-07,West,Sports,Bicycle,18,400,0,7200.0
391,2024-11-15,Central,Electronics,Smartphone,4,800,5,3040.0
392,2024-07-10,East,Sports,Running Shoes,5,110,0,550.0
393,2024-11-04,Central,Home & Garden,Curtains,2,55,0,110.0
394,2024-01-20,South,Books,Business Strategy,16,30,10,432.0
395,2024-08-21,South,Sports,Tennis Racket,5,90,0,450.0
396,2024-11-09,East,Clothing,Dress,20,80,15,1360.0
397,2024-06-02,Central,Food & Beverage,Juice Pack,17,8,10,122.4
398,2024-09-07,Central,Food & Beverage,Green Tea,1,10,0,10.0
399,2024-06-18,North,Home & Garden,Curtains,10,55,20,440.0
400,2024-12-18,North,Sports,Bicycle,9,400,15,3060.0
401,2024-10-23,Central,Clothing,T-Shirt,19,25,5,451.25
402,2024-03-28,Central,Books,Novel,13,15,0,195.0
403,2024-12-14,South,Electronics,Smart Watch,4,300,0,1200.0
404,2024-01-10,West,Food & Beverage,Green Tea,5,10,5,47.5
405,2024-12-19,South,Home & Garden,Curtains,20,55,5,1045.0
406,2024-02-01,South,Sports,Dumbbells,18,80,0,1440.0
407,2024-12-05,West,Sports,Bicycle,11,400,0,4400.0
408,2024-08-23,Central,Food & Beverage,Juice Pack,12,8,15,81.6
409,2024-12-14,East,Sports,Bicycle,7,400,0,2800.0
410,2024-05-22,Central,Food & Beverage,Protein Shake,10,40,20,320.0
411,2024-05-27,South,Books,Self Help,11,20,5,209.0
412,2024-06-27,Central,Books,Business Strategy,10,30,0,300.0
413,2024-10-20,Central,Home & Garden,Lamp,12,45,20,432.0
414,2024-03-15,East,Electronics,Tablet,3,500,0,1500.0
415,2024-08-14,East,Books,Self Help,7,20,0,140.0
416,2024-10-02,East,Sports,Running Shoes,5,110,0,550.0
417,2024-11-11,Central,Clothing,Jeans,2,60,15,102.0
418,2024-09-28,South,Books,Data Science Guide,2,45,0,90.0
419,2024-07-30,East,Books,Self Help,4,20,15,68.0
420,2024-03-11,North,Sports,Dumbbells,14,80,15,952.0
421,2024-08-31,West,Books,Data Science Guide,10,45,0,450.0
422,2024-05-26,North,Electronics,Smart Watch,8,300,10,2160.0
423,2024-01-20,South,Home & Garden,Plant Pot,2,20,20,32.0
424,2024-07-22,West,Clothing,Jacket,2,120,0,240.0
425,2024-06-01,Central,Sports,Yoga Mat,11,30,0,330.0
426,2024-08-20,Central,Sports,Bicycle,5,400,20,1600.0
427,2024-09-15,West,Food & Beverage,Protein Shake,4,40,0,160.0
428,2024-03-24,West,Books,Business Strategy,6,30,0,180.0
429,2024-06-21,East,Sports,Dumbbells,6,80,10,432.0
430,2024-11-23,West,Home & Garden,Curtains,11,55,0,605.0
431,2024-07-24,North,Clothing,Jeans,16,60,0,960.0
432,2024-05-07,North,Food & Beverage,Green Tea,8,10,5,76.0
433,2024-05-16,East,Food & Beverage,Juice Pack,19,8,0,152.0
434,2024-05-13,East,Books,Data Science Guide,2,45,15,76.5
435,2024-03-01,West,Food & Beverage,Protein Shake,13,40,15,442.0
436,2024-09-14,East,Books,Python Programming,10,35,0,350.0
437,2024-11-10,South,Clothing,Jeans,16,60,0,960.0
438,2024-08-20,Central,Food & Beverage,Green Tea,18,10,5,171.0
439,2024-10-02,South,Clothing,Sneakers,3,90,10,243.0
440,2024-08-16,Central,Books,Business Strategy,3,30,10,81.0
441,2024-02-27,North,Sports,Tennis Racket,7,90,10,567.0
442,2024-10-01,South,Clothing,Jacket,17,120,5,1938.0
443,2024-02-29,South,Books,Novel,16,15,0,240.0
444,2024-09-18,West,Electronics,Headphones,5,150,10,675.0
445,2024-07-31,West,Sports,Yoga Mat,18,30,5,513.0
446,2024-12-10,East,Books,Python Programming,13,35,0,455.0
447,2024-01-02,South,Sports,Yoga Mat,2,30,5,57.0
448,2024-06-25,North,Sports,Yoga Mat,3,30,5,85.5
449,2024-01-17,East,Home & Garden,Plant Pot,5,20,20,80.0
450,2024-11-24,West,Food & Beverage,Green Tea,15,10,20,120.0
451,2024-07-12,West,Electronics,Smart Watch,5,300,15,1275.0
452,2024-06-27,North,Clothing,Sneakers,13,90,10,1053.0
453,2024-03-06,South,Electronics,Laptop,10,1200,5,11400.0
454,2024-12-10,Central,Home & Garden,Curtains,13,55,20,572.0
455,2024-04-27,South,Home & Garden,Bed Sheets,5,70,0,350.0
456,2024-04-06,North,Electronics,Headphones,20,150,20,2400.0
457,2024-01-09,South,Clothing,T-Shirt,4,25,10,90.0
458,2024-01-18,West,Sports,Yoga Mat,8,30,15,204.0
459,2024-01-23,West,Home & Garden,Plant Pot,18,20,0,360.0
460,2024-01-29,South,Sports,Running Shoes,8,110,20,704.0
461,2024-10-21,East,Sports,Tennis Racket,11,90,0,990.0
462,2024-06-03,South,Books,Novel,8,15,5,114.0
463,2024-06-02,East,Electronics,Smart Watch,19,300,15,4845.0
464,2024-03-30,West,Sports,Bicycle,2,400,0,800.0
465,2024-11-25,West,Sports,Running Shoes,14,110,5,1463.0
466,2024-03-17,East,Home & Garden,Plant Pot,18,20,5,342.0
467,2024-05-03,South,Food & Beverage,Protein Shake,15,40,0,600.0
468,2024-10-14,West,Home & Garden,Curtains,17,55,0,935.0
469,2024-07-17,South,Food & Beverage,Protein Shake,11,40,15,374.0
470,2024-02-10,West,Food & Beverage,Coffee Beans,18,15,15,229.5
471,2024-04-07,North,Food & Beverage,Green Tea,20,10,10,180.0
472,2024-01-21,North,Clothing,Sneakers,18,90,0,1620.0
473,2024-09-02,South,Food & Beverage,Energy Bar,1,5,0,5.0
474,2024-04-07,North,Books,Self Help,8,20,15,136.0
475,2024-11-05,South,Home & Garden,Plant Pot,18,20,0,360.0
476,2024-05-24,West,Home & Garden,Curtains,12,55,0,660.0
477,2024-05-13,East,Sports,Bicycle,15,400,0,6000.0
478,2024-08-28,East,Clothing,Jacket,11,120,5,1254.0
479,2024-01-24,Central,Clothing,Jeans,1,60,0,60.0
480,2024-10-10,Central,Sports,Bicycle,10,400,0,4000.0
481,2024-04-10,East,Clothing,Dress,19,80,20,1216.0
482,2024-05-05,West,Sports,Running Shoes,9,110,20,792.0
483,2024-09-07,West,Home & Garden,Plant Pot,12,20,0,240.0
484,2024-03-12,Central,Home & Garden,Plant Pot,18,20,15,306.0
485,2024-01-31,Central,Electronics,Laptop,2,1200,20,1920.0
486,2024-01-04,West,Clothing,Jeans,3,60,15,153.0
487,2024-03-18,North,Clothing,Sneakers,15,90,0,1350.0
488,2024-01-31,Central,Books,Novel,16,15,15,204.0
489,2024-09-06,North,Electronics,Smart Watch,18,300,5,5130.0
490,2024-01-07,North,Sports,Running Shoes,18,110,0,1980.0
491,2024-01-09,Central,Books,Self Help,6,20,0,120.0
492,2024-02-19,Central,Clothing,Jeans,7,60,10,378.0
493,2024-09-26,East,Food & Beverage,Energy Bar,13,5,0,65.0
494,2024-07-10,West,Home & Garden,Curtains,8,55,15,374.0
495,2024-04-25,East,Books,Python Programming,2,35,0,70.0
496,2024-07-26,West,Home & Garden,Curtains,16,55,0,880.0
497,2024-11-22,North,Books,Data Science Guide,3,45,5,128.25
498,2024-08-10,East,Sports,Yoga Mat,17,30,0,510.0
499,2024-04-27,South,Books,Novel,16,15,0,240.0
500,2024-01-24,North,Books,Business Strategy,18,30,10,486.0
501,2024-12-02,North,Clothing,Jacket,1,120,0,120.0
502,2024-10-27,South,Books,Self Help,3,20,0,60.0
503,2024-03-24,Central,Clothing,Sneakers,13,90,15,994.5
504,2024-10-03,East,Home & Garden,Plant Pot,3,20,10,54.0
505,2024-06-26,North,Electronics,Headphones,8,150,20,960.0
506,2024-02-08,East,Sports,Tennis Racket,20,90,5,1710.0
507,2024-06-16,North,Books,Business Strategy,15,30,5,427.5
508,2024-04-26,East,Sports,Bicycle,14,400,0,5600.0
509,2024-12-14,Central,Books,Self Help,3,20,20,48.0
510,2024-11-12,East,Clothing,T-Shirt,3,25,0,75.0
511,2024-03-19,West,Books,Data Science Guide,13,45,0,585.0
512,2024-07-03,North,Electronics,Laptop,10,1200,5,11400.0
513,2024-07-03,East,Electronics,Smartphone,3,800,0,2400.0
514,2024-08-08,West,Sports,Tennis Racket,17,90,5,1453.5
515,2024-02-22,North,Electronics,Tablet,18,500,0,9000.0
516,2024-11-01,Central,Food & Beverage,Green Tea,1,10,0,10.0
517,2024-07-30,West,Electronics,Smart Watch,8,300,10,2160.0
518,2024-09-23,South,Books,Self Help,6,20,0,120.0
519,2024-05-17,East,Food & Beverage,Green Tea,5,10,0,50.0
520,2024-03-26,West,Food & Beverage,Green Tea,10,10,5,95.0
521,2024-02-09,East,Food & Beverage,Protein Shake,16,40,10,576.0
522,2024-11-11,South,Home & Garden,Vacuum Cleaner,5,250,0,1250.0
523,2024-01-04,West,Food & Beverage,Juice Pack,13,8,20,83.2
524,2024-06-17,West,Food & Beverage,Green Tea,20,10,0,200.0
525,2024-06-02,East,Sports,Dumbbells,16,80,0,1280.0
526,2024-03-31,West,Food & Beverage,Energy Bar,16,5,10,72.0
527,2024-05-04,East,Home & Garden,Bed Sheets,13,70,0,910.0
528,2024-02-28,Central,Clothing,Sneakers,18,90,0,1620.0
529,2024-12-15,Central,Electronics,Headphones,7,150,5,997.5
530,2024-05-29,North,Home & Garden,Lamp,5,45,15,191.25
531,2024-06-04,South,Food & Beverage,Protein Shake,14,40,20,448.0
532,2024-07-12,North,Home & Garden,Curtains,16,55,10,792.0
533,2024-07-24,Central,Sports,Bicycle,18,400,0,7200.0
534,2024-07-03,Central,Sports,Yoga Mat,4,30,20,96.0
535,2024-05-07,East,Clothing,Sneakers,2,90,10,162.0
536,2024-11-26,West,Food & Beverage,Green Tea,4,10,0,40.0
537,2024-02-20,East,Clothing,Sneakers,17,90,10,1377.0
538,2024-10-24,Central,Clothing,Dress,12,80,5,912.0
539,2024-08-25,Central,Books,Novel,5,15,0,75.0
540,2024-01-13,West,Electronics,Tablet,14,500,0,7000.0
541,2024-02-29,South,Food & Beverage,Energy Bar,11,5,5,52.25
542,2024-04-15,Central,Home & Garden,Bed Sheets,16,70,0,1120.0
543,2024-08-12,West,Food & Beverage,Coffee Beans,10,15,0,150.0
544,2024-12-29,North,Electronics,Tablet,4,500,15,1700.0
545,2024-03-25,South,Sports,Dumbbells,18,80,0,1440.0
546,2024-06-18,Central,Home & Garden,Lamp,8,45,20,288.0
547,2024-07-26,South,Clothing,Dress,13,80,0,1040.0
548,2024-11-10,South,Home & Garden,Curtains,14,55,5,731.5
549,2024-01-03,South,Clothing,Jacket,3,120,10,324.0
550,2024-02-22,Central,Clothing,Jacket,11,120,0,1320.0
551,2024-08-22,North,Food & Beverage,Green Tea,17,10,15,144.5
552,2024-06-09,Central,Home & Garden,Curtains,13,55,10,643.5
553,2024-02-28,East,Food & Beverage,Green Tea,20,10,0,200.0
554,2024-12-10,East,Sports,Tennis Racket,3,90,15,229.5
555,2024-03-09,East,Electronics,Smartphone,10,800,0,8000.0
556,2024-04-03,East,Books,Data Science Guide,17,45,5,726.75
557,2024-08-02,Central,Clothing,Sneakers,13,90,5,1111.5
558,2024-04-05,West,Books,Novel,6,15,10,81.0
559,2024-03-26,West,Food & Beverage,Protein Shake,6,40,0,240.0
560,2024-08-18,Central,Electronics,Tablet,1,500,5,475.0
561,2024-03-10,South,Home & Garden,Curtains,17,55,15,794.75
562,2024-09-10,West,Books,Self Help,14,20,15,238.0
563,2024-08-15,West,Clothing,T-Shirt,19,25,0,475.0
564,2024-04-22,East,Electronics,Tablet,8,500,10,3600.0
565,2024-05-27,South,Home & Garden,Curtains,16,55,10,792.0
566,2024-09-18,North,Sports,Yoga Mat,9,30,20,216.0
567,2024-10-05,East,Sports,Yoga Mat,15,30,10,405.0
568,2024-04-21,West,Electronics,Smartphone,10,800,20,6400.0
569,2024-01-17,West,Food & Beverage,Energy Bar,3,5,5,14.25
570,2024-03-01,South,Clothing,Sneakers,12,90,20,864.0
571,2024-12-29,Central,Books,Self Help,6,20,10,108.0
572,2024-03-12,South,Clothing,T-Shirt,19,25,0,475.0
573,2024-09-29,East,Sports,Tennis Racket,6,90,0,540.0
574,2024-12-26,East,Food & Beverage,Juice Pack,9,8,20,57.6
575,2024-09-20,North,Clothing,Dress,2,80,0,160.0
576,2024-12-01,South,Books,Data Science Guide,8,45,0,360.0
577,2024-12-30,East,Clothing,Dress,16,80,0,1280.0
578,2024-10-22,East,Books,Self Help,13,20,5,247.0
579,2024-02-08,North,Home & Garden,Curtains,9,55,15,420.75
580,2024-07-07,West,Home & Garden,Bed Sheets,19,70,0,1330.0
581,2024-02-17,West,Books,Business Strategy,3,30,20,72.0
582,2024-09-30,West,Clothing,Dress,7,80,5,532.0
583,2024-05-17,East,Food & Beverage,Energy Bar,18,5,10,81.0
584,2024-03-07,Central,Home & Garden,Bed Sheets,2,70,0,140.0
585,2024-02-20,West,Electronics,Laptop,6,1200,5,6840.0
586,2024-08-21,North,Home & Garden,Plant Pot,5,20,15,85.0
587,2024-06-03,South,Food & Beverage,Coffee Beans,12,15,0,180.0
588,2024-02-12,East,Books,Data Science Guide,2,45,5,85.5
589,2024-11-16,East,Books,Data Science Guide,14,45,15,535.5
590,2024-02-16,North,Electronics,Smartphone,16,800,0,12800.0
591,2024-03-08,Central,Clothing,Sneakers,15,90,0,1350.0
592,2024-01-05,East,Electronics,Headphones,5,150,5,712.5
593,2024-02-06,South,Home & Garden,Vacuum Cleaner,4,250,0,1000.0
594,2024-06-09,East,Food & Beverage,Protein Shake,13,40,20,416.0
595,2024-03-09,South,Electronics,Smart Watch,19,300,0,5700.0
596,2024-11-08,South,Home & Garden,Bed Sheets,7,70,15,416.5
597,2024-03-18,West,Sports,Bicycle,7,400,0,2800.0
598,2024-02-21,South,Electronics,Smart Watch,13,300,0,3900.0
599,2024-08-07,East,Clothing,Jeans,9,60,15,459.0
600,2024-02-13,South,Sports,Tennis Racket,20,90,15,1530.0
601,2024-11-07,East,Books,Python Programming,10,35,0,350.0
602,2024-09-22,Central,Sports,Dumbbells,13,80,0,1040.0
603,2024-11-26,North,Clothing,Dress,13,80,0,1040.0
604,2024-05-03,West,Books,Novel,3,15,10,40.5
605,2024-01-07,East,Food & Beverage,Protein Shake,13,40,20,416.0
606,2024-10-18,West,Food & Beverage,Juice Pack,6,8,20,38.4
607,2024-08-29,North,Electronics,Smart Watch,3,300,0,900.0
608,2024-05-14,South,Electronics,Laptop,13,1200,10,14040.0
609,2024-05-26,Central,Home & Garden,Lamp,13,45,0,585.0
610,2024-11-23,Central,Sports,Tennis Racket,5,90,0,450.0
611,2024-02-12,East,Electronics,Smart Watch,7,300,20,1680.0
612,2024-03-20,Central,Food & Beverage,Green Tea,19,10,15,161.5
613,2024-11-28,North,Food & Beverage,Green Tea,8,10,0,80.0
614,2024-05-05,North,Home & Garden,Vacuum Cleaner,15,250,10,3375.0
615,2024-11-07,North,Food & Beverage,Protein Shake,4,40,0,160.0
616,2024-12-28,South,Books,Python Programming,6,35,5,199.5
617,2024-06-26,Central,Sports,Running Shoes,6,110,0,660.0
618,2024-03-05,East,Books,Python Programming,1,35,0,35.0
619,2024-08-07,East,Sports,Yoga Mat,9,30,15,229.5
620,2024-10-22,North,Home & Garden,Lamp,17,45,0,765.0
621,2024-01-29,West,Sports,Dumbbells,12,80,0,960.0
622,2024-05-10,North,Sports,Yoga Mat,8,30,15,204.0
623,2024-09-17,North,Electronics,Laptop,8,1200,0,9600.0
624,2024-08-29,East,Home & Garden,Plant Pot,6,20,20,96.0
625,2024-01-19,Central,Books,Self Help,8,20,0,160.0
626,2024-05-07,West,Books,Business Strategy,9,30,20,216.0
627,2024-02-09,Central,Food & Beverage,Coffee Beans,17,15,15,216.75
628,2024-01-27,South,Clothing,Sneakers,2,90,5,171.0
629,2024-02-05,West,Food & Beverage,Energy Bar,11,5,0,55.0
630,2024-10-10,West,Electronics,Tablet,7,500,0,3500.0
631,2024-10-15,East,Books,Novel,8,15,5,114.0
632,2024-07-07,Central,Home & Garden,Plant Pot,18,20,20,288.0
633,2024-05-05,South,Electronics,Headphones,1,150,0,150.0
634,2024-10-04,East,Books,Python Programming,11,35,0,385.0
635,2024-12-02,West,Books,Business Strategy,4,30,0,120.0
636,2024-09-28,South,Home & Garden,Lamp,2,45,0,90.0
637,2024-12-30,East,Electronics,Laptop,8,1200,20,7680.0
638,2024-09-23,West,Books,Business Strategy,15,30,15,382.5
639,2024-02-13,Central,Electronics,Smart Watch,5,300,15,1275.0
640,2024-07-20,North,Sports,Tennis Racket,2,90,5,171.0
641,2024-12-05,South,Clothing,Jacket,9,120,20,864.0
642,2024-06-10,West,Books,Business Strategy,11,30,5,313.5
643,2024-05-19,South,Electronics,Smartphone,5,800,20,3200.0
644,2024-10-26,North,Clothing,T-Shirt,6,25,5,142.5
645,2024-08-26,East,Home & Garden,Vacuum Cleaner,18,250,0,4500.0
646,2024-04-16,West,Food & Beverage,Green Tea,9,10,20,72.0
647,2024-03-02,North,Clothing,Jacket,20,120,0,2400.0
648,2024-04-20,East,Clothing,T-Shirt,8,25,0,200.0
649,2024-07-21,Central,Electronics,Tablet,9,500,20,3600.0
650,2024-03-30,North,Home & Garden,Lamp,18,45,15,688.5
651,2024-10-08,South,Electronics,Headphones,4,150,20,480.0
652,2024-03-12,North,Electronics,Laptop,8,1200,0,9600.0
653,2024-04-11,West,Food & Beverage,Coffee Beans,19,15,10,256.5
654,2024-05-12,North,Electronics,Laptop,7,1200,15,7140.0
655,2024-08-15,South,Electronics,Tablet,4,500,0,2000.0
656,2024-08-24,North,Clothing,Sneakers,14,90,20,1008.0
657,2024-07-21,West,Electronics,Headphones,14,150,0,2100.0
658,2024-06-30,South,Clothing,Jacket,9,120,5,1026.0
659,2024-03-17,North,Sports,Tennis Racket,20,90,0,1800.0
660,2024-11-27,East,Home & Garden,Lamp,18,45,5,769.5
661,2024-02-01,North,Food & Beverage,Green Tea,5,10,5,47.5
662,2024-04-12,Central,Clothing,Sneakers,1,90,5,85.5
663,2024-07-02,West,Sports,Bicycle,12,400,10,4320.0
664,2024-09-14,East,Home & Garden,Bed Sheets,6,70,0,420.0
665,2024-06-12,Central,Clothing,T-Shirt,9,25,0,225.0
666,2024-08-29,Central,Food & Beverage,Juice Pack,8,8,0,64.0
667,2024-02-21,South,Books,Data Science Guide,9,45,10,364.5
668,2024-01-29,South,Sports,Bicycle,12,400,20,3840.0
669,2024-03-29,South,Clothing,Sneakers,11,90,20,792.0
670,2024-12-23,East,Sports,Yoga Mat,12,30,10,324.0
671,2024-10-15,South,Sports,Dumbbells,16,80,10,1152.0
672,2024-06-07,South,Home & Garden,Vacuum Cleaner,3,250,0,750.0
673,2024-04-29,Central,Clothing,T-Shirt,17,25,5,403.75
674,2024-01-01,East,Sports,Dumbbells,5,80,0,400.0
675,2024-03-31,East,Electronics,Laptop,5,1200,10,5400.0
676,2024-12-26,South,Electronics,Smart Watch,12,300,0,3600.0
677,2024-07-10,West,Sports,Yoga Mat,11,30,0,330.0
678,2024-06-14,South,Clothing,Dress,16,80,15,1088.0
679,2024-06-11,South,Books,Novel,20,15,20,240.0
680,2024-07-01,South,Books,Novel,6,15,5,85.5
681,2024-06-06,East,Clothing,Jeans,1,60,15,51.0
682,2024-10-20,West,Sports,Yoga Mat,6,30,10,162.0
683,2024-06-11,Central,Clothing,Sneakers,4,90,5,342.0
684,2024-03-13,East,Books,Python Programming,8,35,0,280.0
685,2024-06-12,South,Books,Python Programming,11,35,5,365.75
686,2024-01-06,East,Clothing,Jeans,3,60,0,180.0
687,2024-05-11,North,Books,Python Programming,2,35,5,66.5
688,2024-08-12,West,Clothing,Dress,16,80,5,1216.0
689,2024-06-28,Central,Home & Garden,Vacuum Cleaner,16,250,20,3200.0
690,2024-10-22,South,Clothing,Dress,3,80,20,192.0
691,2024-01-18,East,Electronics,Tablet,9,500,0,4500.0
692,2024-02-07,East,Clothing,Dress,6,80,15,408.0
693,2024-02-08,Central,Electronics,Tablet,20,500,10,9000.0
694,2024-09-04,North,Home & Garden,Plant Pot,20,20,5,380.0
695,2024-03-21,North,Electronics,Tablet,7,500,0,3500.0
696,2024-07-28,Central,Books,Novel,9,15,15,114.75
697,2024-05-24,East,Clothing,T-Shirt,2,25,5,47.5
698,2024-10-19,Central,Home & Garden,Plant Pot,2,20,0,40.0
699,2024-01-02,West,Electronics,Tablet,20,500,5,9500.0
700,2024-04-12,North,Electronics,Smartphone,6,800,15,4080.0
701,2024-05-29,North,Home & Garden,Vacuum Cleaner,10,250,20,2000.0
702,2024-07-22,West,Home & Garden,Bed Sheets,3,70,15,178.5
703,2024-10-05,West,Clothing,Jacket,13,120,0,1560.0
704,2024-04-05,West,Electronics,Tablet,15,500,5,7125.0
705,2024-05-14,South,Food & Beverage,Juice Pack,2,8,0,16.0
706,2024-12-22,North,Electronics,Tablet,18,500,5,8550.0
707,2024-10-28,South,Sports,Yoga Mat,13,30,20,312.0
708,2024-09-24,West,Sports,Bicycle,19,400,0,7600.0
709,2024-08-31,East,Electronics,Headphones,2,150,10,270.0
710,2024-10-19,Central,Sports,Tennis Racket,5,90,0,450.0
711,2024-08-17,South,Clothing,Jeans,7,60,0,420.0
712,2024-01-22,West,Electronics,Headphones,7,150,20,840.0
713,2024-11-17,South,Sports,Running Shoes,11,110,15,1028.5
714,2024-02-04,North,Home & Garden,Curtains,13,55,10,643.5
715,2024-06-15,East,Sports,Bicycle,1,400,20,320.0
716,2024-12-24,Central,Sports,Tennis Racket,14,90,0,1260.0
717,2024-07-31,South,Clothing,Sneakers,19,90,10,1539.0
718,2024-02-21,North,Sports,Yoga Mat,10,30,20,240.0
719,2024-10-01,East,Home & Garden,Bed Sheets,13,70,15,773.5
720,2024-09-05,Central,Sports,Bicycle,2,400,0,800.0
721,2024-05-21,West,Clothing,Sneakers,20,90,15,1530.0
722,2024-12-21,West,Electronics,Headphones,11,150,15,1402.5
723,2024-05-01,North,Books,Self Help,9,20,0,180.0
724,2024-01-11,East,Food & Beverage,Energy Bar,9,5,20,36.0
725,2024-09-08,North,Clothing,Jeans,10,60,15,510.0
726,2024-08-14,East,Food & Beverage,Green Tea,20,10,15,170.0
727,2024-02-15,South,Home & Garden,Plant Pot,14,20,15,238.0
728,2024-09-05,Central,Food & Beverage,Coffee Beans,17,15,20,204.0
729,2024-03-22,North,Food & Beverage,Juice Pack,13,8,0,104.0
730,2024-09-25,Central,Electronics,Smartphone,7,800,20,4480.0
731,2024-04-12,North,Clothing,T-Shirt,15,25,0,375.0
732,2024-07-03,South,Food & Beverage,Energy Bar,15,5,10,67.5
733,2024-07-22,North,Books,Python Programming,8,35,0,280.0
734,2024-09-07,Central,Home & Garden,Plant Pot,16,20,10,288.0
735,2024-10-09,East,Food & Beverage,Protein Shake,9,40,15,306.0
736,2024-12-18,North,Food & Beverage,Coffee Beans,13,15,0,195.0
737,2024-03-24,Central,Clothing,Jeans,8,60,15,408.0
738,2024-04-15,East,Books,Self Help,17,20,0,340.0
739,2024-12-15,North,Home & Garden,Plant Pot,6,20,10,108.0
740,2024-01-05,South,Food & Beverage,Juice Pack,10,8,15,68.0
741,2024-12-29,East,Home & Garden,Lamp,12,45,5,513.0
742,2024-05-09,South,Home & Garden,Bed Sheets,17,70,20,952.0
743,2024-11-15,West,Sports,Yoga Mat,1,30,10,27.0
744,2024-12-05,East,Sports,Tennis Racket,20,90,0,1800.0
745,2024-06-01,North,Home & Garden,Vacuum Cleaner,11,250,0,2750.0
746,2024-11-23,East,Food & Beverage,Energy Bar,10,5,0,50.0
747,2024-03-17,Central,Clothing,T-Shirt,20,25,5,475.0
748,2024-12-04,East,Books,Data Science Guide,1,45,15,38.25
749,2024-09-11,East,Food & Beverage,Green Tea,13,10,5,123.5
750,2024-01-19,Central,Books,Novel,7,15,0,105.0
751,2024-04-23,Central,Books,Self Help,12,20,10,216.0
752,2024-06-02,South,Books,Novel,6,15,0,90.0
753,2024-02-19,West,Clothing,Jacket,18,120,20,1728.0
754,2024-04-03,East,Books,Python Programming,8,35,0,280.0
755,2024-04-24,East,Home & Garden,Bed Sheets,12,70,0,840.0
756,2024-10-26,East,Home & Garden,Vacuum Cleaner,16,250,0,4000.0
757,2024-11-20,Central,Sports,Tennis Racket,3,90,5,256.5
758,2024-04-09,Central,Electronics,Headphones,17,150,0,2550.0
759,2024-07-30,North,Clothing,Jeans,7,60,0,420.0
760,2024-07-28,Central,Home & Garden,Plant Pot,11,20,20,176.0
761,2024-04-02,North,Home & Garden,Bed Sheets,6,70,0,420.0
762,2024-11-20,North,Electronics,Headphones,9,150,0,1350.0
763,2024-03-27,Central,Clothing,Dress,3,80,0,240.0
764,2024-11-10,West,Books,Self Help,13,20,5,247.0
765,2024-09-01,West,Electronics,Laptop,18,1200,0,21600.0
766,2024-07-10,North,Food & Beverage,Juice Pack,7,8,0,56.0
767,2024-12-12,North,Books,Data Science Guide,8,45,15,306.0
768,2024-06-25,East,Clothing,T-Shirt,13,25,10,292.5
769,2024-10-28,East,Clothing,T-Shirt,2,25,0,50.0
770,2024-05-28,West,Books,Novel,20,15,10,270.0
771,2024-06-21,West,Books,Data Science Guide,11,45,5,470.25
772,2024-07-02,South,Clothing,Dress,1,80,0,80.0
773,2024-04-24,South,Clothing,T-Shirt,19,25,10,427.5
774,2024-03-27,North,Food & Beverage,Coffee Beans,13,15,15,165.75
775,2024-05-10,Central,Sports,Yoga Mat,20,30,0,600.0
776,2024-12-04,North,Books,Python Programming,2,35,15,59.5
777,2024-02-29,West,Home & Garden,Lamp,4,45,10,162.0
778,2024-05-09,West,Books,Data Science Guide,7,45,15,267.75
779,2024-12-17,North,Food & Beverage,Green Tea,4,10,15,34.0
780,2024-09-23,East,Sports,Tennis Racket,5,90,5,427.5
781,2024-02-23,Central,Books,Novel,4,15,0,60.0
782,2024-02-28,North,Home & Garden,Plant Pot,20,20,0,400.0
783,2024-05-14,Central,Clothing,Jacket,14,120,0,1680.0
784,2024-03-23,North,Sports,Bicycle,7,400,15,2380.0
785,2024-09-03,East,Clothing,T-Shirt,1,25,15,21.25
786,2024-02-15,North,Sports,Bicycle,5,400,0,2000.0
787,2024-09-18,North,Books,Python Programming,9,35,15,267.75
788,2024-04-28,West,Food & Beverage,Energy Bar,15,5,0,75.0
789,2024-02-21,South,Electronics,Tablet,12,500,20,4800.0
790,2024-12-12,East,Home & Garden,Vacuum Cleaner,4,250,20,800.0
791,2024-01-24,North,Clothing,Jeans,11,60,0,660.0
792,2024-08-12,Central,Food & Beverage,Coffee Beans,12,15,20,144.0
793,2024-06-24,South,Electronics,Headphones,13,150,5,1852.5
794,2024-05-19,West,Books,Self Help,14,20,15,238.0
795,2024-03-26,North,Clothing,T-Shirt,6,25,0,150.0
796,2024-08-01,Central,Home & Garden,Curtains,15,55,0,825.0
797,2024-11-08,West,Food & Beverage,Juice Pack,1,8,20,6.4
798,2024-12-16,South,Home & Garden,Lamp,4,45,5,171.0
799,2024-08-13,North,Electronics,Tablet,11,500,0,5500.0
800,2024-12-26,Central,Books,Novel,19,15,0,285.0
801,2024-12-08,East,Sports,Tennis Racket,20,90,0,1800.0
802,2024-08-09,South,Home & Garden,Bed Sheets,13,70,0,910.0
803,2024-10-12,Central,Electronics,Laptop,6,1200,10,6480.0
804,2024-08-28,West,Clothing,T-Shirt,16,25,0,400.0
805,2024-05-03,East,Food & Beverage,Coffee Beans,17,15,0,255.0
806,2024-10-08,West,Home & Garden,Plant Pot,3,20,5,57.0
807,2024-08-15,Central,Home & Garden,Vacuum Cleaner,16,250,5,3800.0
808,2024-06-10,North,Home & Garden,Vacuum Cleaner,4,250,5,950.0
809,2024-07-30,North,Sports,Tennis Racket,1,90,20,72.0
810,2024-02-16,Central,Sports,Running Shoes,17,110,10,1683.0
811,2024-04-15,West,Food & Beverage,Energy Bar,2,5,20,8.0
812,2024-04-24,West,Food & Beverage,Juice Pack,20,8,10,144.0
813,2024-08-30,East,Books,Self Help,4,20,0,80.0
814,2024-12-03,South,Electronics,Tablet,12,500,20,4800.0
815,2024-11-20,East,Sports,Tennis Racket,12,90,15,918.0
816,2024-02-24,North,Clothing,Dress,5,80,20,320.0
817,2024-07-28,North,Food & Beverage,Juice Pack,7,8,0,56.0
818,2024-03-02,West,Clothing,Dress,7,80,15,476.0
819,2024-06-22,North,Home & Garden,Vacuum Cleaner,19,250,0,4750.0
820,2024-08-18,West,Books,Novel,17,15,0,255.0
821,2024-09-12,North,Sports,Yoga Mat,18,30,5,513.0
822,2024-10-26,West,Sports,Dumbbells,19,80,0,1520.0
823,2024-03-06,North,Home & Garden,Curtains,20,55,0,1100.0
824,2024-09-15,West,Home & Garden,Curtains,8,55,0,440.0
825,2024-07-22,East,Food & Beverage,Green Tea,5,10,0,50.0
826,2024-07-30,Central,Books,Novel,10,15,20,120.0
827,2024-12-25,Central,Food & Beverage,Juice Pack,7,8,0,56.0
828,2024-04-17,Central,Books,Business Strategy,12,30,15,306.0
829,2024-03-08,South,Sports,Tennis Racket,11,90,15,841.5
830,2024-02-29,East,Sports,Bicycle,19,400,10,6840.0
831,2024-12-07,West,Books,Novel,10,15,20,120.0
832,2024-08-04,North,Sports,Yoga Mat,1,30,5,28.5
833,2024-03-15,North,Books,Python Programming,7,35,0,245.0
834,2024-03-23,East,Books,Business Strategy,5,30,20,120.0
835,2024-02-01,East,Clothing,Sneakers,2,90,0,180.0
836,2024-08-19,North,Sports,Tennis Racket,8,90,15,612.0
837,2024-11-27,Central,Home & Garden,Plant Pot,17,20,20,272.0
838,2024-12-22,East,Books,Python Programming,13,35,5,432.25
839,2024-08-01,East,Sports,Yoga Mat,1,30,15,25.5
840,2024-05-08,South,Sports,Bicycle,8,400,15,2720.0
841,2024-12-26,East,Sports,Tennis Racket,20,90,0,1800.0
842,2024-04-09,East,Home & Garden,Plant Pot,3,20,0,60.0
843,2024-03-29,Central,Electronics,Headphones,2,150,5,285.0
844,2024-05-22,Central,Food & Beverage,Protein Shake,6,40,10,216.0
845,2024-05-10,North,Food & Beverage,Green Tea,5,10,0,50.0
846,2024-03-19,East,Sports,Yoga Mat,20,30,20,480.0
847,2024-12-04,East,Home & Garden,Curtains,18,55,0,990.0
848,2024-02-07,East,Sports,Dumbbells,6,80,10,432.0
849,2024-02-04,Central,Clothing,Dress,18,80,10,1296.0
850,2024-07-25,North,Food & Beverage,Protein Shake,7,40,15,238.0
851,2024-06-18,East,Food & Beverage,Energy Bar,7,5,20,28.0
852,2024-11-12,Central,Home & Garden,Curtains,1,55,0,55.0
853,2024-12-08,East,Home & Garden,Plant Pot,20,20,10,360.0
854,2024-05-04,North,Books,Business Strategy,13,30,20,312.0
855,2024-02-28,West,Food & Beverage,Juice Pack,10,8,0,80.0
856,2024-09-21,East,Sports,Tennis Racket,15,90,5,1282.5
857,2024-01-23,East,Books,Data Science Guide,11,45,10,445.5
858,2024-02-12,North,Clothing,Sneakers,18,90,0,1620.0
859,2024-11-16,North,Clothing,Jeans,14,60,20,672.0
860,2024-02-23,South,Sports,Bicycle,3,400,15,1020.0
861,2024-12-17,South,Electronics,Headphones,11,150,0,1650.0
862,2024-02-14,North,Electronics,Smartphone,9,800,10,6480.0
863,2024-02-06,Central,Clothing,Jacket,14,120,5,1596.0
864,2024-08-18,West,Home & Garden,Bed Sheets,1,70,5,66.5
865,2024-12-10,North,Sports,Yoga Mat,20,30,0,600.0
866,2024-10-26,North,Books,Python Programming,12,35,10,378.0
867,2024-02-24,East,Books,Business Strategy,20,30,0,600.0
868,2024-05-24,West,Home & Garden,Lamp,1,45,5,42.75
869,2024-03-21,Central,Clothing,Jeans,13,60,20,624.0
870,2024-10-06,East,Books,Data Science Guide,10,45,15,382.5
871,2024-11-27,East,Electronics,Smart Watch,18,300,0,5400.0
872,2024-03-04,North,Electronics,Smart Watch,20,300,5,5700.0
873,2024-10-02,Central,Electronics,Tablet,7,500,15,2975.0
874,2024-06-25,South,Home & Garden,Curtains,5,55,0,275.0
875,2024-04-04,South,Sports,Running Shoes,7,110,0,770.0
876,2024-04-02,Central,Electronics,Smart Watch,15,300,15,3825.0
877,2024-10-08,North,Food & Beverage,Coffee Beans,9,15,0,135.0
878,2024-04-11,Central,Home & Garden,Bed Sheets,12,70,0,840.0
879,2024-12-09,South,Electronics,Tablet,20,500,0,10000.0
880,2024-04-09,East,Home & Garden,Lamp,11,45,10,445.5
881,2024-12-03,East,Books,Novel,5,15,10,67.5
882,2024-10-17,East,Food & Beverage,Green Tea,6,10,0,60.0
883,2024-06-09,South,Clothing,Dress,9,80,20,576.0
884,2024-07-03,South,Books,Business Strategy,16,30,5,456.0
885,2024-08-16,East,Food & Beverage,Green Tea,18,10,0,180.0
886,2024-03-30,Central,Electronics,Tablet,5,500,10,2250.0
887,2024-04-10,East,Books,Python Programming,3,35,0,105.0
888,2024-09-16,North,Sports,Tennis Racket,13,90,20,936.0
889,2024-10-29,South,Electronics,Smart Watch,9,300,10,2430.0
890,2024-10-03,West,Books,Data Science Guide,12,45,5,513.0
891,2024-04-24,Central,Books,Business Strategy,5,30,5,142.5
892,2024-09-13,Central,Electronics,Headphones,12,150,10,1620.0
893,2024-01-06,South,Sports,Dumbbells,17,80,0,1360.0
894,2024-08-16,South,Clothing,Sneakers,19,90,15,1453.5
895,2024-03-15,West,Food & Beverage,Coffee Beans,8,15,20,96.0
896,2024-09-06,South,Electronics,Tablet,12,500,0,6000.0
897,2024-01-22,South,Sports,Running Shoes,13,110,5,1358.5
898,2024-08-20,North,Electronics,Tablet,4,500,15,1700.0
899,2024-09-23,East,Books,Business Strategy,19,30,10,513.0
900,2024-10-18,South,Home & Garden,Lamp,12,45,10,486.0
901,2024-11-30,North,Sports,Running Shoes,13,110,0,1430.0
902,2024-09-21,West,Food & Beverage,Energy Bar,16,5,20,64.0
903,2024-09-03,Central,Electronics,Smart Watch,5,300,5,1425.0
904,2024-03-25,South,Electronics,Smart Watch,9,300,0,2700.0
905,2024-03-17,South,Clothing,Jacket,20,120,15,2040.0
906,2024-03-01,South,Home & Garden,Bed Sheets,4,70,5,266.0
907,2024-12-11,West,Home & Garden,Plant Pot,19,20,0,380.0
908,2024-11-27,West,Electronics,Smartphone,2,800,0,1600.0
909,2024-10-20,Central,Clothing,Jeans,17,60,0,1020.0
910,2024-10-20,South,Electronics,Smartphone,9,800,0,7200.0
911,2024-09-21,West,Sports,Tennis Racket,1,90,15,76.5
912,2024-12-04,East,Electronics,Smartphone,15,800,10,10800.0
913,2024-08-29,West,Clothing,Jeans,14,60,10,756.0
914,2024-03-14,Central,Clothing,Sneakers,17,90,0,1530.0
915,2024-03-26,East,Home & Garden,Curtains,19,55,0,1045.0
916,2024-04-27,West,Home & Garden,Plant Pot,4,20,0,80.0
917,2024-04-13,Central,Sports,Bicycle,5,400,10,1800.0
918,2024-02-19,South,Home & Garden,Curtains,20,55,0,1100.0
919,2024-09-29,Central,Electronics,Laptop,16,1200,15,16320.0
920,2024-03-07,Central,Sports,Yoga Mat,14,30,10,378.0
921,2024-08-03,East,Electronics,Smart Watch,14,300,0,4200.0
922,2024-09-03,West,Food & Beverage,Juice Pack,19,8,0,152.0
923,2024-08-05,South,Food & Beverage,Green Tea,8,10,20,64.0
924,2024-02-12,East,Sports,Tennis Racket,14,90,0,1260.0
925,2024-04-06,North,Books,Python Programming,19,35,10,598.5
926,2024-03-01,Central,Electronics,Headphones,7,150,15,892.5
927,2024-06-10,West,Food & Beverage,Coffee Beans,5,15,5,71.25
928,2024-11-29,Central,Food & Beverage,Energy Bar,18,5,5,85.5
929,2024-10-16,East,Sports,Running Shoes,13,110,20,1144.0
930,2024-04-14,West,Sports,Tennis Racket,16,90,0,1440.0
931,2024-07-08,Central,Sports,Bicycle,9,400,0,3600.0
932,2024-10-22,East,Books,Self Help,5,20,20,80.0
933,2024-12-03,North,Books,Data Science Guide,15,45,20,540.0
934,2024-12-24,South,Electronics,Smartphone,17,800,5,12920.0
935,2024-06-22,Central,Sports,Yoga Mat,6,30,5,171.0
936,2024-11-21,North,Electronics,Smartphone,16,800,10,11520.0
937,2024-08-10,North,Electronics,Tablet,8,500,0,4000.0
938,2024-02-10,Central,Electronics,Headphones,13,150,10,1755.0
939,2024-12-01,Central,Food & Beverage,Juice Pack,2,8,20,12.8
940,2024-03-30,West,Home & Garden,Vacuum Cleaner,7,250,20,1400.0
941,2024-12-02,Central,Food & Beverage,Protein Shake,2,40,20,64.0
942,2024-11-02,Central,Sports,Dumbbells,20,80,0,1600.0
943,2024-12-11,North,Food & Beverage,Protein Shake,1,40,0,40.0
944,2024-02-14,East,Home & Garden,Bed Sheets,13,70,5,864.5
945,2024-10-27,South,Sports,Yoga Mat,3,30,0,90.0
946,2024-10-08,East,Books,Novel,19,15,0,285.0
947,2024-06-26,East,Clothing,Sneakers,7,90,5,598.5
948,2024-07-25,Central,Electronics,Tablet,6,500,5,2850.0
949,2024-09-16,North,Sports,Yoga Mat,17,30,0,510.0
950,2024-06-23,North,Sports,Running Shoes,18,110,20,1584.0
951,2024-10-21,East,Books,Self Help,13,20,10,234.0
952,2024-09-04,South,Food & Beverage,Green Tea,15,10,10,135.0
953,2024-01-15,West,Electronics,Tablet,3,500,5,1425.0
954,2024-11-20,South,Books,Data Science Guide,11,45,5,470.25
955,2024-06-29,Central,Sports,Yoga Mat,9,30,0,270.0
956,2024-05-27,North,Home & Garden,Bed Sheets,3,70,10,189.0
957,2024-04-01,West,Food & Beverage,Energy Bar,7,5,10,31.5
958,2024-05-17,South,Books,Data Science Guide,16,45,15,612.0
959,2024-04-12,South,Books,Data Science Guide,9,45,0,405.0
960,2024-04-27,South,Clothing,Sneakers,12,90,0,1080.0
961,2024-02-24,North,Electronics,Headphones,20,150,0,3000.0
962,2024-10-04,North,Home & Garden,Bed Sheets,20,70,0,1400.0
963,2024-09-09,Central,Food & Beverage,Green Tea,6,10,20,48.0
964,2024-09-18,East,Home & Garden,Plant Pot,19,20,0,380.0
965,2024-01-28,Central,Home & Garden,Lamp,18,45,0,810.0
966,2024-09-14,East,Home & Garden,Plant Pot,15,20,0,300.0
967,2024-12-23,Central,Home & Garden,Bed Sheets,1,70,0,70.0
968,2024-12-11,South,Home & Garden,Curtains,4,55,0,220.0
969,2024-07-04,Central,Food & Beverage,Protein Shake,18,40,0,720.0
970,2024-05-01,East,Home & Garden,Curtains,11,55,0,605.0
971,2024-04-04,West,Home & Garden,Plant Pot,14,20,15,238.0
972,2024-07-09,East,Home & Garden,Bed Sheets,15,70,0,1050.0
973,2024-10-19,South,Sports,Dumbbells,4,80,15,272.0
974,2024-05-18,South,Sports,Bicycle,13,400,0,5200.0
975,2024-03-15,South,Home & Garden,Vacuum Cleaner,6,250,5,1425.0
976,2024-09-12,South,Books,Novel,18,15,15,229.5
977,2024-06-10,West,Food & Beverage,Energy Bar,18,5,20,72.0
978,2024-10-17,North,Home & Garden,Vacuum Cleaner,6,250,0,1500.0
979,2024-04-20,East,Home & Garden,Vacuum Cleaner,15,250,15,3187.5
980,2024-06-20,East,Food & Beverage,Energy Bar,18,5,10,81.0
981,2024-05-11,East,Electronics,Headphones,4,150,0,600.0
982,2024-12-13,Central,Clothing,Sneakers,19,90,15,1453.5
983,2024-11-28,Central,Clothing,Jacket,12,120,0,1440.0
984,2024-12-10,Central,Home & Garden,Lamp,3,45,5,128.25
985,2024-11-10,East,Home & Garden,Plant Pot,6,20,15,102.0
986,2024-06-21,West,Books,Novel,19,15,5,270.75
987,2024-02-06,North,Clothing,Jacket,8,120,0,960.0
988,2024-06-11,East,Books,Business Strategy,20,30,15,510.0
989,2024-07-21,East,Home & Garden,Bed Sheets,19,70,10,1197.0
990,2024-08-18,West,Clothing,Jeans,1,60,0,60.0
991,2024-04-30,East,Books,Python Programming,7,35,0,245.0
992,2024-07-22,North,Electronics,Laptop,16,1200,10,17280.0
993,2024-01-28,North,Home & Garden,Curtains,3,55,0,165.0
994,2024-05-14,Central,Clothing,T-Shirt,13,25,0,325.0
995,2024-04-27,South,Books,Business Strategy,15,30,15,382.5
996,2024-03-05,South,Sports,Dumbbells,1,80,0,80.0
997,2024-12-05,East,Food & Beverage,Green Tea,15,10,20,120.0
998,2024-10-03,East,Sports,Bicycle,5,400,15,1700.0
999,2024-10-03,South,Sports,Tennis Racket,15,90,15,1147.5
1000,2024-11-21,Central,Home & Garden,Curtains,18,55,0,990.0
